Date of Exploit,Blockchain,Protocol Name,Amount Stolen (USD),Attack Type,Root Cause,Protocol Category,Exploit Method,No. of Transactions,Duration of Exploit,Funds Recovered,Reference Link
10/26/2020,Ethereum,Harvest Finance,25000000,Flash-Loan Exploit,Vault used manipulable Curve pool prices; no oracle/slippage protection.,Yield Aggregation,Flash-Loan Assisted,Multiple,Under 10 minutes,Partial,https://rekt.news/harvest-finance-rekt/
11/14/2020,Ethereum,ValueDefi,7000000,Flash-Loan Exploit,"Vault relied on manipulable Curve 3pool pricing, allowing flash-loan price distortion.",Yield Aggregation,Flash-Loan Assisted,Multiple,Under 10 minutes,Partial,https://rekt.news/zh/value-defi-rekt
12/18/2020,Ethereum,Warp Protocol,7800000,Flash-Loan Exploit,Collateral values could be inflated via flash-loan price manipulation of Uniswap pools used for lending valuations.,Lending and Borrowing,Flash-Loan Assisted,Multiple,Under 30 minutes,Partial,https://rekt.news/warp-finance-rekt/
9/28/2020,Ethereum,Eminence,15000000,Reentrancy,A reentrancy flaw in the bonding curve contract allowed attackers to repeatedly withdraw funds.,Yield Aggregation,Multi-Transaction Sequence,Multiple,Under 30 minutes,No,https://rekt.news/zh/eminence-rekt-in-prod
11/16/2020,Ethereum,CheeseBank,3300000,Oracle Manipulation,"The protocol used an AMM-based oracle for asset price feeds — this oracle could be manipulated (via flash loans), allowing the attacker to inflate asset prices and drain liquidity from the lending pool.",Lending and Borrowing,"Flash-Loan Assisted, Multi-Transaction Sequence",Multiple,Under 15 minutes,No,https://rekt.news/hack-epidemic
2/18/2020,Ethereum,Ooki,650000,Flash-Loan Exploit,Protocol relied on manipulable AMM pricing (Curve) for collateral valuation; no safeguards against flash-loan-driven price swings.,Lending and Borrowing,Flash-Loan Assisted,Multiple,Under 10 minutes,No,https://rekt.news/bzx-rekt/
11/12/2020,Ethereum,Akropolis,2000000,Reentrancy,Missing reentrancy guard in the SavingsModule contract allowed repeated liquidity additions before state updates.,Yield Aggregation,Multi-Transaction Sequence,Multiple,Under 20 minutes,No,https://rekt.news/akropolis-rekt
11/17/2020,Ethereum,Origin Protocol,8000000,Reentrancy,A vulnerability in the mint logic of the OUSD vault (VaultCore) — lack of reentrancy protection and improper validation of incoming assets caused inflation of totalSupply and allowed draining of underlying assets.,Stablecoin,"Flash-Loan Assisted, Multi-Transaction Sequence",Multiple,Under 10 minutes,Partial,https://rekt.news/hack-epidemic
2/15/2020,Ethereum,Ooki,350000,Flash-Loan Exploit,Protocol relied on manipulable Uniswap/Kyber AMM prices for collateral valuation with no safeguards against flash-loan-driven price manipulation.,Lending and Borrowing,Flash-Loan Assisted,Multiple,Under 10 minutes,No,https://rekt.news/bzx-rekt/
12/29/2020,Ethereum,Cover Protocol,4400000,Logic Bug,"Blacksmith contract allowed repeated reward withdrawals without proper accounting, enabling infinite COVER token minting.",Infrastructure,Multi-Transaction Sequence,Multiple,Under 30 minutes,Partial,https://rekt.news/cover-rekt/
11/22/2020,Ethereum,Pickle,19700000,Logic Bug,"Strategy contract trusted external Jar addresses without validation, allowing a malicious “Evil Jar” to redirect vault funds.",Yield Aggregation,Multi-Transaction Sequence,Multiple,Under 10 minutes,No,https://rekt.news/pickle-finance-rekt
9/4/2021,Ethereum,DAO Maker Vesting,4000000,Access Control,Incorrect signature/authorization validation allowed attackers to trigger unauthorized withdrawals from user-linked vesting contracts.,Infrastructure,Multi-Transaction Sequence,Multiple,Under 1 hour,No,https://rekt.news/daomaker-rekt
8/10/2021,"Ethereum, Polygon, BNB Chain",Poly Network,611000000,Access Control,Cross-chain bridge contract allowed attacker to forge messages and change “owner” via incorrect verification logic.,Cross-Chain Bridge,Cross-Chain Interaction,Multiple,Under 1 hour,Yes,https://rekt.news/ko/polynetwork-rekt
3/9/2021,Ethereum,DODO AMM,2000000,Logic Bug,"Initialization function could be called again, allowing attackers to withdraw pool assets without depositing.",Decentralized Exchange (DEX),Single Transaction,Single,Under 10 minutes,Partial,https://rekt.news/au-dodo-rekt
5/5/2021,BNB Chain,ValueDefi,10000000,Logic Bug,The AMM used a custom “power()” function (for non-50/50 pools) copied from another project; incorrect input assumptions (baseN < baseD) allowed attackers to exploit the invariant and drain liquidity.,Decentralized Exchange (DEX),"Multi-Transaction Sequence, Arbitrage-Driven",Multiple,Under 30 minutes,No,https://rekt.news/value-rekt2
6/16/2021,Ethereum,Alchemix,6500000,Logic Bug,Incorrect debt accounting allowed users to mint alETH without locking collateral.,Lending and Borrowing,Multi-Transaction Sequence,Multiple,Under 10 minutes,Yes,https://rekt.news/alchemix-rekt
2/27/2021,Ethereum,Furucombo,14000000,Access Control,"Attacker tricked the system into treating a malicious contract as a legitimate Aave contract, abusing authorization logic.",Infrastructure,Multi-Transaction Sequence,Multiple,Under 30 minutes,No,https://rekt.news/furucombo-rekt
8/10/2021,Ethereum,Punk Protocol,8950000,Access Control,Unauthorized access allowed attacker to mint synthetic assets and withdraw protocol funds.,Lending and Borrowing,Multi-Transaction Sequence,Multiple,Under 10 minutes,No,https://rekt.news/zh/punkprotocol-rekt
10/8/2021,Other,Mirror,90000000,Oracle Manipulation,An outdated oracle price was reused to mint undercollateralized synthetic assets.,Derivatives,Multi-Transaction Sequence,Multiple,Under 1 day,No,https://rekt.news/mirror-rekt
11/7/2021,"Ethereum, BNB Chain",ChainSwap,4400000,Access Control,Incorrect authentication in cross-chain bridge allowed unauthorized minting of bridged tokens.,Cross-Chain Bridge,Cross-Chain Interaction,Multiple,Under 10 minutes,Partial,https://rekt.news/chainswap-rekt
6/22/2021,BNB Chain,Eleven Finance,4500000,Logic Bug,Incorrect share-calculation logic allowed attacker to withdraw far more LP tokens than deposited via vault misconfiguration.,Yield Aggregation,Multi-Transaction Sequence,Multiple,Under 30 minutes,No,https://rekt.news/11-rekt
9/12/2021,Avalanche,Zabu Finance,3200000,Logic Bug,Double-counting bug in the reward calculation enabled attackers to mint excessive ZABU tokens.,Yield Aggregation,Multi-Transaction Sequence,Multiple,Under 10 minutes,No,https://rekt.news/veefinance-rekt
5/24/2021,BNB Chain,AutoShark,745000,Logic Bug,AutoShark’s JAWS token minting logic allowed attackers to manipulate price feeds and mint excessive tokens.,Yield Aggregation,Multi-Transaction Sequence,Multiple,Under 10 minutes,No,https://rekt.news/autoshark-rekt/
8/3/2021,Ethereum,Popsicle Finance,20000000,Logic Bug,Incorrect accounting in “FarmingStrategyV2” let attacker withdraw more funds than deposited by manipulating the reward/debt calculation.,Yield Aggregation,Multi-Transaction Sequence,Multiple,Under 30 minutes,No,https://rekt.news/popsicle-rekt
7/14/2021,"BNB Chain, Polygon",ApeRocket,1260000,Logic Bug,Incorrect reward minting logic allowed attackers to mint unlimited SPACE tokens.,Yield Aggregation,Multi-Transaction Sequence,Multiple,Under 10 minutes,No,https://rekt.news/pancakebunny2-rekt
7/16/2021,BNB Chain,Bunny,2400000,Logic Bug,Minting logic in the PolyBunny bridging contract allowed unauthorized creation of PolyBUNNY tokens due to improper access validation.,Yield Aggregation,Multi-Transaction Sequence,Multiple,Under 10 minutes,No,https://rekt.news/pancakebunny2-rekt
5/26/2021,BNB Chain,Merlin,680000,Logic Bug,Faulty price-per-share and reward accounting in the auto-compounder vault allowed withdrawals that exceeded the attacker’s proportional deposit.,Yield Aggregation,Multi-Transaction Sequence,Multiple,Under 20 minutes,No,https://rekt.news/zh/merlinlabs-rekt
2/13/2021,Ethereum,Alpha Finance,37500000,Flash-Loan Exploit,Incorrect handling of Cream’s ibBTC integration allowed attacker to drain Alpha’s funds via multi-step flash-loan manipulation.,Lending and Borrowing,Flash-Loan Assisted,Multiple,Under 10 minutes,No,https://rekt.news/trapped-between-protocols
5/2/2021,BNB Chain,Spartan,30500000,Logic Bug,Faulty liquidity share calculation in AMM pools allowed attacker to remove more liquidity than they contributed.,Decentralized Exchange (DEX),Multi-Transaction Sequence,Multiple,Under 10 minutes,No,https://rekt.news/spartan-rekt
5/12/2021,Ethereum,xToken,24000000,Logic Bug,Price manipulation of dYdX’s xSNX strategy and flawed reward accounting allowed attacker to drain collateral.,Yield Aggregation,Multi-Transaction Sequence,Multiple,Under 10 minutes,No,https://rekt.news/xtoken-rekt
2/9/2021,Ethereum,Growth DeFi,1300000,Flash-Loan Exploit,Price manipulation of MINT/MOR token pools allowed attacker to mint improperly valued collateral using flash loans.,Lending and Borrowing,Flash-Loan Assisted,Multiple,Under 10 minutes,No,https://rekt.news/the-big-combo
2/5/2021,Ethereum,Yearn Finance,11000000,Flash-Loan Exploit,Complex manipulation of Curve 3Pool pricing combined with Yearn’s vault accounting allowed attacker to profit from repeated deposit/withdraw cycles.,Yield Aggregation,Flash-Loan Assisted,Multiple,Under 10 minutes,No,https://rekt.news/yearn-rekt
8/29/2021,Ethereum,xToken,4500000,Logic Bug,Flawed minter/admin role allowed attacker to directly manipulate token balances across staking pools.,Yield Aggregation,Multi-Transaction Sequence,Multiple,Under 10 minutes,No,https://rekt.news/zh/xtoken-rekt-x2
10/14/2021,Ethereum,Indexed Finance,16000000,Oracle Manipulation,"The pool valuation logic used a flawed “extrapolatePoolValueFromToken” formula which depended on a single token’s balance/weight; by manipulating token balances (via flash loans), the attacker caused massive mis-valuation, minted inflated index-tokens, and withdrew disproportionate underlying assets.",Decentralized Exchange (DEX),"Multi-Transaction Sequence, Flash-Loan Assisted",Multiple,Under 30 minutes,No,https://rekt.news/indexed-finance-rekt
3/15/2021,Fantom,DEUS Finance,3000000,Flash-Loan Exploit,Price manipulation of stablecoin pools allowed attacker to borrow synthetic assets with insufficient collateral.,Derivatives,Flash-Loan Assisted,Multiple,Under 10 minutes,No,https://rekt.news/deus-dao-rekt
5/29/2021,BNB Chain,Belt Finance,6300000,Logic Bug,4Belt pool had faulty accounting in the “belt strategy” that let attacker manipulate virtual balance calculations using flash loans.,Yield Aggregation,Flash-Loan Assisted,Multiple,Under 1 hour,No,https://rekt.news/belt-rekt
5/19/2021,BNB Chain,Bunny,45000000,Flash-Loan Exploit,Price manipulation of BNB/USDT on PancakeSwap caused protocol to mint excessive BUNNY tokens to the attacker.,Yield Aggregation,Flash-Loan Assisted,Multiple,Under 10 minutes,No,https://rekt.news/pancakebunny-rekt
9/21/2021,Avalanche,Vee Finance,34000000,Oracle Manipulation,"The protocol used a single on-chain oracle (via Pangolin) for pricing; attacker manipulated newly created token-pair prices to bypass slippage and price checks — combined with incorrect price-calculation logic, enabling draining of funds.",Lending and Borrowing,"Multi-Transaction Sequence, Flash-Loan Assisted",Multiple,Under 30 minutes,No,https://rekt.news/zh/veefinance-rekt
10/27/2021,Ethereum,CREAM Lending,130000000,Flash-Loan Exploit,Price manipulation + flawed collateral accounting enabled attacker to borrow massive amounts using repeated flash-loan cycles.,Lending and Borrowing,Flash-Loan Assisted,Multiple,Under 10 minutes,No,https://rekt.news/cream-rekt-2
5/28/2021,BNB Chain,BurgerSwap,7200000,Logic Bug,Custom AMM swap logic allowed attackers to create fake tokens and manipulate reserve balances to steal liquidity.,Decentralized Exchange (DEX),Multi-Transaction Sequence,Multiple,Under 1 hour,No,https://rekt.news/burgerswap-rekt
12/18/2021,Fantom,Grim Finance,30000000,Reentrancy,"Grim’s depositFor() lacked a reentrancy guard, allowing attacker-controlled vault tokens to re-enter during deposit and duplicate shares.",Yield Aggregation,Multi-Transaction Sequence,Multiple,Under 10 minutes,No,https://rekt.news/grim-finance-rekt
8/30/2021,Ethereum,CREAM Lending,18800000,Flash-Loan Exploit,"A flaw in AMP token’s ERC777 implementation allowed reentrancy via tokensReceived(), enabling attackers to borrow repeatedly from CREAM Iron Bank.",Lending and Borrowing,Flash-Loan Assisted,Multiple,Under 10 minutes,No,https://rekt.news/cream-rekt
5/17/2021,BNB Chain,BearnFi,18000000,Logic Bug,Flawed internal accounting allowed attacker to withdraw more BUSD than deposited by manipulating the vault’s withdraw logic.,Yield Aggregation,Multi-Transaction Sequence,Multiple,Under 10 minutes,No,https://rekt.news/bearn-rekt
6/28/2021,Polygon,Safe Dollar,248000,Logic Bug,Incorrect minting logic in the SDO stablecoin allowed infinite issuance via flawed reward mechanism.,Stablecoin,Multi-Transaction Sequence,Multiple,Under 10 minutes,No,https://rekt.news/safedollar-rekt
6/29/2021,BNB Chain,Merlin,330000,Logic Bug,"Reward and share accounting miscalculated user shares, allowing attackers to withdraw more liquidity than deposited through manipulated entry/exit cycles.",Yield Aggregation,Multi-Transaction Sequence,Multiple,Under 30 minutes,No,https://rekt.news/merlin3-rekt
8/13/2021,Other,Acala Network,1600000,Logic Bug,Price calculation bug in the liquidity withdrawal logic allowed attacker to drain LCDOT liquidity from Karura DEX.,Decentralized Exchange (DEX),Multi-Transaction Sequence,Multiple,Under 10 minutes,Partial,https://rekt.news/acala-network-rekt
9/15/2021,"Ethereum, BNB Chain",NowSwap,1000000,Logic Bug,A flaw in the constant-product invariant (k value) check allowed attackers to execute malicious swaps and drain liquidity without proper balance validation.,Decentralized Exchange (DEX),Multi-Transaction Sequence,Multiple,Under 15 minutes,No,https://www.halborn.com/blog/post/explained-the-nowswap-protocol-hack-september-2021
10/4/2021,BNB Chain,pNetwork,13000000,Access Control,A compromised private key controlling the pNetwork validator allowed the attacker to forge peg-out events and mint unbacked pBTC on BSC.,Cross-Chain Bridge,Cross-Chain Interaction,Multiple,Under 30 minutes,Partial,https://www.halborn.com/blog/post/explained-the-pnetwork-hack-september-2021
5/7/2021,BNB Chain,ValueDefi,11000000,Logic Bug,"The vSwap AMM used a custom power()‐based formula for weighted pools; when pools had non-50/50 asset ratios, this formula failed, allowing the attacker to exploit the wrong invariant to drain liquidity.",Decentralized Exchange (DEX),"Multi-Transaction Sequence, Arbitrage-Driven",Multiple,Under 30 minutes,No,https://rekt.news/value-rekt3
9/29/2021,Ethereum,Compound V2,147000000,Logic Bug,"A governance upgrade (Proposal 062) introduced an incorrect calculation in the Comptroller’s reward distribution module (DistributorV2), causing users to receive excessive COMP tokens when claiming rewards.",Lending and Borrowing,Single Transaction,Multiple,Under 1 hour,Partial,https://www.coindesk.com/tech/2021/09/30/defi-money-market-compound-overpays-15m-in-comp-rewards-in-possible-exploit?utm_source=chatgpt.com
5/26/2021,BNB Chain,Merlin,550000,Logic Bug,Incorrect price-per-share and reward accounting enabled attacker to withdraw more than their shares justified.,Yield Aggregation,Multi-Transaction Sequence,Multiple,Under 30 minutes,No,https://rekt.news/merlin2-rekt
4/28/2021,BNB Chain,Uranium Finance,57200000,Logic Bug,A mistake in the swap fee logic (0.003 → 3) in the AMM math allowed attacker to drain liquidity pools.,Decentralized Exchange (DEX),Multi-Transaction Sequence,Multiple,Under 10 minutes,No,https://rekt.news/uranium-rekt
7/15/2021,Ethereum,Thorchain DEX,5000000,Logic Bug,"Inbound transaction validation in the ETH Bifrost misinterpreted fake ERC20 transfer calls as legitimate asset deposits, causing real ETH to be released.",Cross-Chain Bridge,Multi-Transaction Sequence,Multiple,Under 10 minutes,No,https://rekt.news/thorchain-rekt
5/8/2021,Ethereum,Rari Capital,10000000,Reentrancy,Integration with Alpha Homora contained a missing reentrancy guard allowing attacker to drain Rari’s ETH pool.,Lending and Borrowing,Multi-Transaction Sequence,Multiple,Under 10 minutes,No,https://rekt.news/rari-capital-rekt
9/3/2021,Polygon,Siren,3450000,Reentrancy,A reentrancy vulnerability in the AMM options pool contracts allowed the attacker to recursively withdraw funds before internal balances were updated.,Derivatives,Multi-Transaction Sequence,Multiple,Under 30 minutes,No,https://www.halborn.com/blog/post/explained-the-siren-protocol-hack-september-2021
7/22/2021,Ethereum,Thorchain DEX,8000000,Logic Bug,"ETH Bifrost incorrectly validated inbound ERC-20 transfers, treating fake deposits as genuine, leading to unauthorized ETH payouts.",Cross-Chain Bridge,Multi-Transaction Sequence,Multiple,Under 10 minutes,No,https://rekt.news/thorchain-rekt-2
11/30/2021,"Ethereum, Polygon",MonoX,31400000,Logic Bug,A flaw in MonoX’s token swap smart contract allowed attacker to inflate MONO token price and use it to drain other assets.,Decentralized Exchange (DEX),Single Transaction,Single,Under 1 minute,No,https://rekt.news/monox-rekt
7/2/2022,Solana,Crema Finance,8800000,Oracle Manipulation,Attacker manipulated tick account data to trick concentrated liquidity pools.,Decentralized Exchange (DEX),Multi-Transaction Sequence,Multiple,Under 10 minutes,Yes,https://rekt.news/crema-finance-rekt
3/3/2022,Arbitrum,Treasure,1400000,Access Control,"NFTs were listed for essentially zero due to improper validation, enabling attackers to steal assets.",NFT,Multi-Transaction Sequence,Multiple,Under 30 minutes,Partial,https://rekt.news/treasure-dao-rekt
3/23/2022,Solana,Cashio,48000000,Logic Bug,A minting logic flaw enabled attackers to create unlimited CASH stablecoins without backing.,Stablecoin,Multi-Transaction Sequence,Multiple,Under 30 minutes,No,https://rekt.news/cashio-rekt
6/5/2022,Optimism,Wintermute,27600000,Access Control,"Private keys were sent to the wrong address during OP token distribution, enabling misuse.",Infrastructure,Single Transaction,Single,Under 10 minutes,Partial,https://rekt.news/wintermute-rekt
2/8/2022,Polygon,Superfluid,8700000,Logic Bug,A batch call vulnerability allowed attackers to manipulate super tokens and drain funds.,Infrastructure,Multi-Transaction Sequence,Multiple,Under 1 hour,Partial,https://rekt.news/superfluid-rekt
2/6/2022,Ethereum,Meter,7700000,Flash-Loan Exploit,Incorrect handling of wrapped assets enabled attackers to mint unbacked tokens.,Cross-Chain Bridge,Flash-Loan Assisted,Multiple,Under 10 minutes,No,https://rekt.news/meter-rekt
6/8/2022,BNB Chain,Gym Network,2100000,Logic Bug,A flawed reward contract allowed attackers to withdraw excess funds.,Vault or Staking,Multi-Transaction Sequence,Multiple,Under 30 minutes,No,https://rekt.news/gymnet-rekt
5/4/2022,Other,MM Finance Cronos,2000000,Oracle Manipulation,An attacker manipulated the liquidity pool price oracle during routing transactions.,Decentralized Exchange (DEX),Arbitrage-Driven,Multiple,Under 10 minutes,No,https://rekt.news/madmeerkat-finance-rekt
8/9/2022,Ethereum,Curve DEX,575000,Other,A DNS attack redirected users to a malicious frontend that drained funds.,Decentralized Exchange (DEX),Single Transaction,Multiple,Under 1 day,Partial,https://rekt.news/curve-finance-rekt
10/11/2022,Ethereum,TempleDAO,2300000,Access Control,A staking helper contract allowed unauthorized privilege escalation.,Vault or Staking,Single Transaction,Single,Under 5 minutes,Yes,https://rekt.news/templedao-rekt
4/17/2022,Ethereum,Beanstalk,181000000,Governance Attack,The attacker acquired majority governance voting power through flash loans and passed a malicious proposal.,Stablecoin,Flash-Loan Assisted,Multiple,Under 10 minutes,No,https://rekt.news/beanstalk-rekt
4/12/2022,BNB Chain,Elephant Money,22200000,Oracle Manipulation,An attacker manipulated the price oracle via a flash loan to drain the treasury.,Yield Aggregation,Flash-Loan Assisted,Multiple,Under 10 minutes,No,https://rekt.news/elephant-money-rekt/
4/28/2022,Fantom,DEUS Finance,13400000,Oracle Manipulation,The attacker manipulated the price oracle for the DEI stablecoin by exploiting Solidly TWAP pricing.,Stablecoin,Flash-Loan Assisted,Multiple,Under 10 minutes,No,https://rekt.news/deus-dao-rekt-2
12/10/2022,Arbitrum,Lodestar V0,6900000,Oracle Manipulation,"Attackers manipulated the price of plvGLP collateral, allowing excessive borrowing.",Lending and Borrowing,Multi-Transaction Sequence,Multiple,Under 30 minutes,Partial,https://rekt.news/lodestar-rekt
7/28/2022,Solana,Nirvana V1,3500000,Flash-Loan Exploit,A mint-price oracle flaw allowed attackers to mint ANA at an undervalued price and sell it higher.,Yield Aggregation,Flash-Loan Assisted,Single,Under 5 minutes,No,https://rekt.news/nirvana-rekt
6/16/2022,Ethereum,Inverse Finance Frontier,5800000,Oracle Manipulation,"Attackers manipulated INV/USD pricing to borrow assets, exploiting a vulnerable oracle feed.",Lending and Borrowing,Flash-Loan Assisted,Multiple,Under 15 minutes,No,https://rekt.news/inverse-rekt2
3/15/2022,Gnosis,Agave,5500000,Reentrancy,A reentrancy vulnerability in token contracts allowed recursive borrowing.,Lending and Borrowing,Multi-Transaction Sequence,Multiple,Under 20 minutes,No,https://rekt.news/agave-hundred-rekt
3/15/2022,Gnosis,Hundred Finance,6200000,Reentrancy,Same attacker as Agave used reentrancy in hTOKENS to drain funds.,Lending and Borrowing,Multi-Transaction Sequence,Multiple,Under 20 minutes,No,https://rekt.news/agave-hundred-rekt
3/13/2022,BNB Chain,Paraluni Masterchef,1700000,Reentrancy,A malicious contract repeatedly invoked the MasterChef withdrawal function.,Yield Aggregation,Multi-Transaction Sequence,Multiple,Under 10 minutes,No,https://slowmist.medium.com/paraluni-incident-analysis-58be442a4f99
5/1/2022,"Ethereum, Arbitrum",Rari Capital,80000000,Reentrancy,A reentrancy vulnerability in Fuse pools allowed recursive withdrawals.,Lending and Borrowing,Multi-Transaction Sequence,Multiple,Under 10 minutes,No,https://rekt.news/fei-rari-rekt
10/4/2022,Other,Sovryn,1100000,Oracle Manipulation,Attacker manipulated liquidity pool pricing to borrow against inflated collateral.,Lending and Borrowing,Multi-Transaction Sequence,Multiple,Under 10 minutes,Partial,https://rekt.news/sovryn-rekt
4/30/2022,Ethereum,Saddle Finance,11000000,Logic Bug,Incorrect accounting in the swap contract allowed attackers to drain pool imbalance.,Decentralized Exchange (DEX),Arbitrage-Driven,Multiple,Under 10 minutes,No,https://rekt.news/saddle-finance-rekt2
5/8/2022,BNB Chain,Fortress Loans,3000000,Flash-Loan Exploit,A price oracle flaw in XFT collateral enabled borrowing far beyond the correct value.,Lending and Borrowing,Flash-Loan Assisted,Multiple,Under 5 minutes,No,https://rekt.news/fortress-rekt
7/25/2022,Ethereum,Audius,6000000,Logic Bug,A flaw in the governance contract allowed attackers to pass a malicious proposal to withdraw treasury funds.,Infrastructure,Single Transaction,Single,Under 5 minutes,No,https://rekt.news/audius-rekt
10/27/2022,Ethereum,Team Finance,15800000,Logic Bug,A flawed migration function allowed attackers to move tokens in unintended ways.,Infrastructure,Multi-Transaction Sequence,Multiple,Under 15 minutes,No,https://rekt.news/teamfinance-rekt
3/9/2022,Fantom,Fantasm Finance,2260000,Logic Bug,Improper validation allowed attackers to mint unbacked XFTM tokens.,Stablecoin,Multi-Transaction Sequence,Multiple,Under 10 minutes,No,https://medium.com/@fantasmfinance/fantasm-finance-post-mortem-exploit-09-march-2022-daf48ead016f
5/13/2022,Avalanche,Blizz Finance,21800000,Oracle Manipulation,"LUNA crash caused stale price oracles, allowing attackers to borrow against worthless collateral.",Lending and Borrowing,Arbitrage-Driven,Multiple,Under 10 minutes,No,https://rekt.news/venus-blizz-rekt
10/11/2022,Solana,Mango Markets V3,115000000,Oracle Manipulation,"Attacker inflated MNGO price using illiquid markets, then borrowed large sums.",Lending and Borrowing,Arbitrage-Driven,Multiple,Under 10 minutes,Partial,https://rekt.news/mango-markets-rekt
10/18/2022,Other,Moola Market,8400000,Oracle Manipulation,Attacker artificially inflated MOO price to borrow large amounts of other assets.,Lending and Borrowing,Multi-Transaction Sequence,Multiple,Under 10 minutes,Partial,https://rekt.news/moola-markets-rekt
9/18/2022,Arbitrum,GMX V1 Perps,565000,Oracle Manipulation,Attacker manipulated AVAX spot pricing via external CEXs to profit from GMX perps.,Derivatives,Arbitrage-Driven,Multiple,Under 1 day,No,https://rekt.news/gmx-rekt
4/2/2022,Ethereum,Inverse Finance Frontier,15600000,Oracle Manipulation,Attackers manipulated the INV token oracle to borrow DOLA and USDT.,Lending and Borrowing,Flash-Loan Assisted,Multiple,Under 10 minutes,No,https://rekt.news/inverse-finance-rekt
12/13/2022,"Avalanche, Ethereum",ElasticSwap,854000,Logic Bug,A faulty accounting logic caused liquidity imbalance enabling asset withdrawal.,Decentralized Exchange (DEX),Single Transaction,Single,Under 5 minutes,No,https://quillaudits.medium.com/decoding-elastic-swaps-850k-exploit-quillaudits-9ceb7fcd8d1a
11/6/2022,Other,Pando Rings,22000000,Oracle Manipulation,The protocol relied on a manipulable LP-token price oracle for the sBTC–WBTC pool; the attacker manipulated this price to artificially inflate collateral value and drained pool assets.,Decentralized Exchange (DEX),Flash-Loan Assisted,Multiple,Under 30 minutes,Partial,https://immunebytes.com/blog/pando-rings-hack-nov-5-2022-detailed-analysis/
10/6/2022,BNB Chain,Binance Bridge,570000000,Access Control,A compromised or incorrectly verified proof allowed the attacker to forge a withdrawal message and mint 2M BNB.,Cross-Chain Bridge,Cross-Chain Interaction,Multiple,Under 5 minutes,Partial,https://rekt.news/bnb-bridge-rekt
11/2/2022,Other,Skyward Finance,3000000,Logic Bug,A faulty redemption formula allowed attackers to withdraw more than their fair share during token redemption.,Decentralized Exchange (DEX),Single Transaction,Single,Under 1 minute,No,https://rekt.news/skyward-rekt
11/10/2022,Ethereum,DFX V2,4000000,Reentrancy,"The flash function lacked reentrancy protection: attacker took out flash-loan, called deposit() in the callback, making contract believe loan repaid while allowing LP tokens withdrawal, effectively draining the pool.",Decentralized Exchange (DEX),"Multi-Transaction Sequence, Flash-Loan Assisted",Multiple,Under 30 minutes,No,https://www.halborn.com/blog/post/explained-the-dfx-finance-hack-november-2022
3/31/2022,Other,Ola Finance,4000000,Reentrancy,A reentrancy flaw in token wrappers allowed recursive calls to borrow assets from the lending pool without proper validation.,Lending and Borrowing,Multi-Transaction Sequence,Multiple,Under 15 minutes,No,https://rekt.news/voltage-finance-rekt
3/27/2022,Ethereum,Revest Finance,2010000,Access Control,"An attacker targeted a vulnerability in the FNFT contract registry, allowing unauthorized withdrawals.",NFT,Single Transaction,Single,Under 5 minutes,Partial,https://rekt.news/revest-finance-rekt
1/28/2022,BNB Chain,Qubit,80000000,Access Control,Attackers used a fake deposit message to trick the bridge contract into minting unbacked qXETH.,Cross-Chain Bridge,Cross-Chain Interaction,Multiple,Under 5 minutes,No,https://rekt.news/qubit-rekt
10/2/2022,"BNB Chain, Ethereum",Transit Swap,21000000,Access Control,A flaw in the routing contract allowed arbitrary external calls with user-supplied parameters.,DEX aggregator,Multi-Transaction Sequence,Multiple,Under 20 minutes,Partial,https://rekt.news/transit-swap-rekt
8/1/2022,Ethereum,Nomad,190000000,Access Control,"A faulty initialization set the committed root to 0x00, enabling anyone to submit valid-looking proofs and withdraw funds.",Cross-Chain Bridge,Cross-Chain Interaction,Multiple,Under 1 day,Partial,https://rekt.news/nomad-rekt
3/28/2023,BNB Chain,Safemoon,8900000,Logic Bug,A vulnerability in the liquidity pool contract allowed an attacker to remove liquidity due to an unintentionally public burn function.,Decentralized Exchange (DEX),Single Transaction,Single,Under 5 minutes,Partial,https://rekt.news/safemoon-rekt
11/30/2023,Ethereum,Florence Finance,1450000,Access Control,The attacker exploited admin privileges to withdraw locked lending pool funds.,Lending and Borrowing,Single Transaction,Single,Under 5 minutes,No,https://rekt.news/plenty-of-phish
11/18/2023,Ethereum,Kronos Research,26000000,Access Control,A compromised API/private key allowed attackers to withdraw significant amounts of liquidity.,Infrastructure,Multi-Transaction Sequence,Multiple,Under 1 hour,No,https://rekt.news/kronos-rekt
2/20/2023,"Ethereum, Arbitrum",Dexible V2,2000000,Access Control,Attackers exploited a flawed internal call that allowed unauthorized token transfers.,DEX aggregator,Multi-Transaction Sequence,Multiple,Under 20 minutes,No,https://rekt.news/dexible-rekt
10/23/2023,Ethereum,Maestro,465000,Access Control,"The Maestro router contract allowed arbitrary transferFrom calls, letting attackers drain any token previously approved by users.",Infrastructure,Multi-Transaction Sequence,Multiple,Under 10 minutes,Partial,https://rekt.news/unibot-rekt
3/17/2023,Ethereum,ParaSpace Lending V1,5000000,Logic Bug,A bookkeeping flaw allowed attackers to over-withdraw NFT-backed loans.,Lending and Borrowing,Multi-Transaction Sequence,Multiple,Under 10 minutes,Yes,https://github.com/SunWeb3Sec/DeFiHackLabs?tab=readme-ov-file
5/5/2023,"Arbitrum, BNB Chain, Ethereum",DEUS Finance,6500000,Logic Bug,A vulnerability in the DEI stablecoin redemption logic allowed minting of unbacked tokens.,Stablecoin,Single Transaction,Single,Under 5 minutes,No,https://rekt.news/deus-dao-r3kt
1/16/2023,Other,LendHub,6000000,Logic Bug,A mistakenly duplicated market token allowed attackers to withdraw excess funds.,Lending and Borrowing,Multi-Transaction Sequence,Multiple,Under 20 minutes,No,https://dappradar.com/blog/2023-begins-with-a-comeback-nfts-and-defi-show-recovery-signs
9/23/2023,Other,Mixin Network,200000000,Access Control,"Attackers breached Mixin’s cloud service provider database, enabling unauthorized fund withdrawals.",Infrastructure,Other,Multiple,Under 1 day,Partial,https://rekt.news/mixin-rekt
8/18/2023,Optimism,Exactly,7200000,Logic Bug,A flawed rate-calculation mechanism allowed attackers to inflate collateral and drain funds.,Lending and Borrowing,Multi-Transaction Sequence,Multiple,Under 15 minutes,No,https://rekt.news/exactly-protocol-rekt
8/8/2023,Avalanche,Steadefi,1157000,Access Control,A compromised deployer key allowed unauthorized modification of vault configurations.,Yield Aggregation,Single Transaction,Single,Under 10 minutes,No,https://rekt.news/steadefi-rekt
11/1/2023,Ethereum,Onyx Protocol,2100000,Oracle Manipulation,Attacker inflated the value of collateral assets to borrow more than allowed.,Lending and Borrowing,Multi-Transaction Sequence,Multiple,Under 10 minutes,No,https://rekt.news/onyx-protocol-rekt
4/28/2023,Polygon,0vix,2000000,Oracle Manipulation,A manipulated vGHST price allowed attackers to borrow heavily against inflated collateral.,Lending and Borrowing,Flash-Loan Assisted,Multiple,Under 10 minutes,No,https://keomprotocol.medium.com/0vix-exploit-post-mortem-15c882dcf479
3/13/2023,Ethereum,Euler V1,197000000,Logic Bug,Incorrect donation logic in the soft-liquidation mechanism allowed the attacker to drain assets using leveraged liquidations.,Lending and Borrowing,Multi-Transaction Sequence,Multiple,Under 20 minutes,Yes,https://rekt.news/euler-rekt
4/15/2023,Optimism,Hundred Finance,7000000,Oracle Manipulation,A manipulated exchange rate for hTOKENS allowed attackers to borrow more than their collateral justified.,Lending and Borrowing,Multi-Transaction Sequence,Multiple,Under 15 minutes,No,https://rekt.news/hundred-rekt2
4/13/2023,Ethereum,Yearn Finance,11539000,Logic Bug,A misconfigured yVault (legacy vault) allowed minting yUSDT with drastically incorrect conversion rates.,Yield Aggregation,Multi-Transaction Sequence,Multiple,Under 10 minutes,No,https://rekt.news/yearn-rekt
8/2/2023,Ethereum,Uwerx,327000,Logic Bug,"A business-logic flaw in the liquidity pool contract allowed attackers to manipulate internal accounting using improper transfer and skim interactions, enabling unauthorized fund extraction.",Decentralized Exchange (DEX),Multi-Transaction Sequence,Multiple,Under 20 minutes,No,https://blog.solidityscan.com/uwerx-hack-analysis-f03b061bb07b
6/27/2023,Arbitrum,Themis Protocol,370000,Access Control,A compromised deployer wallet enabled unauthorized upgrades and fund withdrawals.,Infrastructure,Single Transaction,Single,Under 5 minutes,No,https://blog.solidityscan.com/themis-protocol-hack-analysis-7241f6470b2e
4/2/2023,BNB Chain,Allbridge Core,650000,Oracle Manipulation,An attacker manipulated LP-based price feeds to mint unbacked bridge tokens and drain liquidity.,Cross-Chain Bridge,Flash-Loan Assisted,Multiple,Under 10 minutes,Partial,https://allbridge.medium.com/allbridge-core-updates-following-the-relaunch-9f7716eeb5da
7/21/2023,Ethereum,Conic Finance,3200000,Oracle Manipulation,A manipulated Curve LP oracle allowed attackers to drain funds from omnipools.,Yield Aggregation,Flash-Loan Assisted,Multiple,Under 15 minutes,No,https://rekt.news/conic-finance-rekt
1/17/2023,Polygon,Midas Capital,660000,Logic Bug,A faulty liquidation mechanism allowed attackers to borrow without correct solvency checks.,Lending and Borrowing,Multi-Transaction Sequence,Multiple,Under 15 minutes,No,https://rekt.news/midas-capital-rekt
6/12/2023,Ethereum,Sturdy V1,770000,Oracle Manipulation,Attackers manipulated yield-bearing asset prices to drain liquidity via over-borrowing.,Lending and Borrowing,Flash-Loan Assisted,Multiple,Under 10 minutes,No,https://rekt.news/sturdy-rekt
2/16/2023,Avalanche,Platypus Finance,8500000,Logic Bug,A voting-escrow and solvency check flaw allowed attackers to drain pools using zero-collateral borrowing.,Decentralized Exchange (DEX),Multi-Transaction Sequence,Multiple,Under 10 minutes,Partial,https://rekt.news/platypus-finance-rekt
7/10/2023,"Ethereum, Optimism",Arcadia V1,460000,Reentrancy,A reentrancy flaw in the liquidation callback allowed attackers to drain vault balances.,Lending and Borrowing,Multi-Transaction Sequence,Multiple,Under 10 minutes,No,https://arcadiafinance.medium.com/post-mortem-72e9d24a79b0
5/28/2023,"Arbitrum, Ethereum",Jimbos Protocol,7500000,Oracle Manipulation,"The attacker manipulated the token price through thin liquidity, enabling over-borrowing against inflated collateral.",Lending and Borrowing,Flash-Loan Assisted,Multiple,Under 10 minutes,No,https://rekt.news/jimbo-rekt
11/22/2023,"Ethereum, Polygon, Optimism, Arbitrum",KyberSwap Elastic,48000000,Oracle Manipulation,Liquidation parameters were exploited using manipulated pool pricing via flash loans.,Decentralized Exchange (DEX),Flash-Loan Assisted,Multiple,Under 30 minutes,Partial,https://rekt.news/kyberswap-rekt
9/19/2023,Ethereum,Balancer V2,238000,Logic Bug,A critical vulnerability in certain V2 “boosted pools” — due to incorrect pool logic — allowed attackers to drain funds.,Decentralized Exchange (DEX),Multi-Transaction Sequence,Multiple,Under 30 minutes,Partial,https://rekt.news/balancer-rekt
11/10/2023,Ethereum,Raft,3300000,Oracle Manipulation,Attacker exploited oracle desynchronization during liquid staking withdrawals.,Stablecoin,Flash-Loan Assisted,Multiple,Under 10 minutes,No,https://rekt.news/raft-rekt
7/24/2023,BNB Chain,Palmswap,900000,Flash-Loan Exploit,"A miscalculation in the PlpManager contract allowed incorrect USDP valuation during flash-loan execution, enabling pool drainage.",Derivatives,Flash-Loan Assisted,Multiple,Under 30 minutes,No,https://www.certik.com/resources/blog/palmswap-incident-analysis
8/1/2023,Base,LeetSwap,620000,Access Control,"A privileged function lacked proper access checks, allowing unauthorized control over trading pools.",Decentralized Exchange (DEX),Multi-Transaction Sequence,Multiple,Under 30 minutes,No,https://decrypt.co/150826/leetswap-dex-pauses-trading-base-due-potential-exploit
7/4/2023,Arbitrum,Rodeo,90000,Oracle Manipulation,"The attacker manipulated asset pricing through a weak TWAP oracle, enabling under-collateralized withdrawals via force-investment mechanics.",Lending and Borrowing,Flash-Loan Assisted,Multiple,Under 30 minutes,No,https://www.quillaudits.com/blog/hack-analysis/rodeo-finance-hack
4/10/2023,"Ethereum, Arbitrum, Optimism, BNB Chain",SushiSwap,3300000,Logic Bug,A vulnerable route processor contract enabled unauthorized token transfers.,Decentralized Exchange (DEX),Single Transaction,Single,Under 5 minutes,Partial,https://rekt.news/sushi-yoink-rekt
3/7/2023,Arbitrum,Tender Finance,1600000,Oracle Manipulation,An incorrect oracle price for tGMX allowed the attacker to borrow against inflated collateral.,Lending and Borrowing,"Single Transaction, Multi-Transaction Sequence",Multiple,Under 30 minutes,Yes,https://blog.solidityscan.com/tender-finance-hack-analysis-improper-oracle-price-calculation-408f424d8548
8/13/2023,Ethereum,Zunami Protocol,2100000,Oracle Manipulation,Flash-loan amplified Curve pool imbalance enabled stealth withdrawal of stablecoins.,Yield Aggregation,Flash-Loan Assisted,Multiple,Under 10 minutes,No,https://rekt.news/zunami-protocol-rekt
11/18/2023,Ethereum,dYdX V3,9000000,Access Control,API key compromise enabled unauthorized margin position liquidation and withdrawal.,Derivatives,Multi-Transaction Sequence,Multiple,Under 1 day,Partial,https://rekt.news/dydx-rekt
2/1/2023,Polygon,BonqDAO,1700000,Oracle Manipulation,Attacker manipulated the ALBT price oracle to mint unbacked BONQ and drain liquidity.,Lending and Borrowing,Flash-Loan Assisted,Multiple,Under 10 minutes,Partial,https://rekt.news/bonq-rekt
12/27/2023,Other,Levana Perps,1100000,Logic Bug,A vulnerable liquidation threshold allowed infinite leverage buildup.,Derivatives,Multi-Transaction Sequence,Multiple,Under 30 minutes,No,https://rekt.news/levana-rekt
1/21/2023,Other,Omm,1891000,Oracle Manipulation,Collateral pricing errors enabled attackers to borrow beyond safe limits.,Lending and Borrowing,Multi-Transaction Sequence,Multiple,Under 15 minutes,No,https://forum.omm.finance/t/omm-exploit-postmortem-january-2023/266
6/17/2023,BNB Chain,Midas Capital,600000,Arithmetic Error,A rounding-error in the redeem / interest-rate calculation allowed the attacker to exploit the redemption logic and withdraw more than rightful share.,Lending and Borrowing,Flash-Loan Assisted,Multiple,Under 10 minutes,No,https://rekt.news/midas-rekt2
2/2/2023,"BNB Chain, Ethereum",Orion Pools,3000000,Reentrancy,"A reentrancy vulnerability in the exchange router’s swapThroughOrionPool / depositAsset logic — attacker used a malicious token + flash-loan to deposit, re-enter, and withdraw inflated balance.",Decentralized Exchange (DEX),Flash-Loan Assisted,Multiple,Under 10 minutes,Partial,https://rekt.news/orion-protocol-rekt
7/25/2023,Other,EraLend,3400000,Reentrancy,A reentrancy vulnerability in the wrapped ETH token allowed recursive borrow-withdraw loops.,Lending and Borrowing,Multi-Transaction Sequence,Multiple,Under 10 minutes,No,https://rekt.news/eralend-rekt
2/10/2023,"Arbitrum, Optimism",dForce,3650000,Reentrancy,A reentrancy vulnerability in a lending market contract allowed recursive withdrawals before balance updates.,Lending and Borrowing,Multi-Transaction Sequence,Multiple,Under 30 minutes,No,https://rekt.news/dforce-network-rekt
10/7/2023,Avalanche,Arena SocialFi,2900000,Reentrancy,A reentrancy vulnerability in the share trading smart contract allowed recursive withdrawals before balances were updated.,Other,Multi-Transaction Sequence,Multiple,Under 30 minutes,Yes,https://www.certik.com/resources/blog/stars-arena-incident-analysis
10/13/2023,Avalanche,Platypus Finance,2200000,Access Control,A compromised private key allowed unauthorized minting and draining of protocol funds.,Decentralized Exchange (DEX),Single Transaction,Single,Under 5 minutes,No,https://rekt.news/platypus-rekt2
5/1/2023,BNB Chain,Level Perps,1000000,Oracle Manipulation,"An attacker manipulated the price feed used for perpetual positions, enabling risk-free profit extraction.",Derivatives,Flash-Loan Assisted,Multiple,Under 10 minutes,No,https://rekt.news/level-finance-rekt
7/3/2023,Ethereum,AzukiDAO,68000,Signature Bug,The claim-function contract failed to properly enforce that a signature could be used only once; the attacker reused the same valid signature multiple times to repeatedly claim tokens.,Other,Multi-Transaction Sequence,Multiple,Under 1 hour,No,https://medium.com/@sharkteam/sharkteam-analysis-of-the-azukidao-attack-incident-30871b69ae54
12/31/2023,Ethereum,Orbit Bridge,81700000,Access Control,A suspected multisig or validator key compromise enabled unauthorized cross-chain withdrawals.,Cross-Chain Bridge,Cross-Chain Interaction,Multiple,Under 1 day,No,https://rekt.news/orbit-bridge-rekt
10/31/2023,Ethereum,Unibot,640000,Access Control,A router contract vulnerability allowed attackers to drain user-approved tokens via arbitrary transfer calls.,Infrastructure,Multi-Transaction Sequence,Multiple,Under 10 minutes,Partial,https://rekt.news/unibot-rekt
3/10/2023,Other,Hedera,515000,Logic Bug,A vulnerability in the Hedera Token Service precompile enabled attackers to mint unbacked liquidity pool tokens.,Infrastructure,Multi-Transaction Sequence,Multiple,Under 1 hour,Partial,https://rekt.news/hedera-rekt
8/7/2023,Solana,Cypher,1035000,Access Control,"A privileged authority key was abused, enabling unauthorized fund withdrawals from protocol-controlled accounts.",Infrastructure,Single Transaction,Single,Under 10 minutes,Partial,https://www.coindesk.com/business/2023/08/07/solana-based-cypher-protocol-experiences-exploit-freezes-smart-contract
7/30/2023,Ethereum,Curve DEX,61700000,Reentrancy,A reentrancy vulnerability in multiple Vyper-compiled contracts enabled repeated drainage of liquidity pools.,Decentralized Exchange (DEX),Multi-Transaction Sequence,Multiple,Under 1 day,Partial,https://rekt.news/curve-vyper-rekt
8/27/2023,Ethereum,Balancer V2,800000,Logic Bug,A vulnerability in certain V2 boosted pools enabled attackers to drain funds due to incorrect pool logic.,Decentralized Exchange (DEX),Multi-Transaction Sequence,Multiple,Under 30 minutes,Partial,https://rekt.news/balancer-rekt
8/19/2023,Other,Harbor Protocol,618000,Logic Bug,A vault accounting logic flaw enabled attackers to mint excess stablecoin shares and drain liquidity.,Lending and Borrowing,Multi-Transaction Sequence,Multiple,Under 30 minutes,No,https://www.web3isgoinggreat.com/?id=harbor-protocol-exploit
3/20/2024,Ethereum,Dolomite,1800000,Logic Bug,Incorrect liquidation accounting allowed attackers to extract excess collateral during margin close-outs.,Lending and Borrowing,Multi-Transaction Sequence,Multiple,Under 20 minutes,No,https://cointelegraph.com/news/old-dolomite-exchange-contract-suffers-1-8-million-loss-from-approval-exploit
9/10/2024,"Polygon, Ethereum, Optimism",Indodax,25200000,Access Control,A hot-wallet breach exposed private keys controlling multiple assets.,Infrastructure,Other,Multiple,Under 1 day,Partial,http://rekt.news/indodax-rekt
10/31/2024,"Ethereum, Solana",M2 Exchange,13700000,Access Control,Unauthorized access to withdrawal infrastructure enabled mass fund extraction.,Infrastructure,Other,Multiple,Under 1 day,Partial,https://rekt.news/m2-exchange-rekt
10/16/2024,"BNB Chain, Arbitrum",Radiant V2,53000000,Access Control,"Private keys of at least 3 out of 11 multi-sig signers were compromised via a malware-based social-engineering attack, allowing the attacker to approve and execute unauthorized transactions.",Lending and Borrowing,"Governance Attack, Multi-Transaction Sequence",Multiple,Under 1 hour,No,https://rekt.news/radiant-capital-rekt2
6/20/2024,BNB Chain,OKX NFT Aggregator,14000,Access Control,A lower-security SMS-based verification routine allowed attackers to whitelist malicious withdrawal addresses.,Infrastructure,Multi-Transaction Sequence,Multiple,Under 10 minutes,No,https://coinpri.com/news/scam-and-fraud-en/okx-accounts-hack-june-2024/
6/11/2024,Other,YOLO Games,1500000,Access Control,"The exitPool function lacked permission checks, allowing anyone to impersonate a liquidity provider and drain the pool.",Other,Multi-Transaction Sequence,Multiple,Under 20 minutes,Yes,https://www.halborn.com/blog/post/month-in-review-top-defi-hacks-of-june-2024
9/16/2024,"Ethereum, BNB Chain",WXETA,110000,Logic Bug,An uninitialized smart contract allowed attackers to seize control and drain token balances.,Infrastructure,Single Transaction,Single,Under 10 minutes,No,https://newsletter.blockthreat.io/p/blockthreat-week-38-2024
12/1/2024,"Optimism, Base, Polygon",Clipper,450000,Logic Bug,A vulnerability in the withdrawal function allowed attackers to drain liquidity pools without proper balance validation.,Decentralized Exchange (DEX),Multi-Transaction Sequence,Multiple,Under 30 minutes,No,https://www.beyondidentity.com/news-article/clipper-dex-hit-by-cyberattack-exploit-targets-withdrawal-functionality
4/30/2024,Arbitrum,Yield Protocol,181000,Access Control,Attackers exploited permission issues in the smart contracts of the defunct protocol to withdraw remaining locked funds.,Lending and Borrowing,Single Transaction,Single,Under 10 minutes,No,https://cryptorank.io/news/feed/bc707-hackers-drain-funds-from-defunct-defi-lending-protocol-yield-protocol.htm
12/1/2024,Ethereum,Spectral Labs,200000,Access Control,An infinite approval vulnerability in the AgentToken.sol bonding contract enabled attackers to drain bonding curve funds.,Infrastructure,Flash-Loan Assisted,Multiple,Under 30 minutes,No,https://medium.com/coinmonks/decoding-spectra-labs-bonding-contract-250k-exploit-b88d249c3218
1/30/2024,Ethereum,Abracadabra Spell,6500000,Logic Bug,Oracle desync between Curve LP and MIM vault enabled under-collateralized borrowing.,Lending and Borrowing,Flash-Loan Assisted,Multiple,Under 15 minutes,No,https://rekt.news/abra-rekt
4/19/2024,"Arbitrum, Ethereum",Hedgey,44700000,Signature Bug,Improper vesting signature validation enabled repeated unauthorized unlocks.,Infrastructure,Multi-Transaction Sequence,Multiple,Under 20 minutes,No,https://rekt.news/hedgey-finance-rekt
11/11/2024,"Arbitrum, Avalanche",DeltaPrime,4800000,Oracle Manipulation,Illiquid asset pricing allowed attackers to inflate collateral for leveraged borrowing.,Derivatives,Flash-Loan Assisted,Multiple,Under 15 minutes,No,https://rekt.news/deltaprime-rekt
11/15/2024,Other,ThalaSwap,25500000,Logic Bug,A vulnerability in the newly upgraded v1 farming contracts allowed the attacker to withdraw excessive liquidity pool tokens.,Decentralized Exchange (DEX),Multi-Transaction Sequence,Multiple,Under 1 hour,Yes,https://www.halborn.com/blog/post/explained-the-thala-hack-november-2024
3/8/2024,Ethereum,Unizen,2100000,Access Control,A compromised deployer wallet allowed unauthorized contract ownership transfer.,Infrastructure,Single Transaction,Single,Under 5 minutes,No,https://rekt.news/unizen-rekt
6/2/2024,Other,Velocore V2,6800000,Reentrancy,A reentrancy flaw in the callback router enabled recursive swaps and balance inflation.,Decentralized Exchange (DEX),Multi-Transaction Sequence,Multiple,Under 10 minutes,Partial,https://rekt.news/velocore-rekt
5/15/2024,Optimism,Sonne Finance,20000000,Logic Bug,"A known vulnerability in forks of Compound V2 was not patched: new market parameters (c-factors) were scheduled via a timelock, but the attacker inserted themselves as first executor once timelock expired — enabling them to manipulate collateral valuations and drain lending pools.",Lending and Borrowing,Multi-Transaction Sequence,Multiple,Under 1 hour,No,https://rekt.news/sonne-finance-rekt
2/22/2024,Other,Tectonic,250000,Flash-Loan Exploit,A logic flaw in a newly deployed market allowed attackers to use flash loans to mint and drain assets without proper collateral validation.,Lending and Borrowing,Flash-Loan Assisted,Multiple,Under 20 minutes,No,https://defillama.com/protocol/tectonic
1/2/2024,Arbitrum,Radiant V2,4500000,Logic Bug,"A freshly launched USDC market had empty reserves, allowing attackers to manipulate the liquidity index and borrow unbacked assets.",Lending and Borrowing,Flash-Loan Assisted,Multiple,Under 15 minutes,No,https://rekt.news/radiant-capital-rekt
6/10/2024,Ethereum,UwU Lend,20000000,Oracle Manipulation,The attacker manipulated price oracles and solvency checks using flash loans to borrow against inflated collateral.,Lending and Borrowing,Flash-Loan Assisted,Multiple,Under 30 minutes,Yes,https://slowmist.medium.com/analysis-of-the-uwu-lend-hack-9502b2c06dbe
11/16/2024,Fantom,Polter Finance,12000000,Oracle Manipulation,The protocol relied on spot pricing of BOO token pairs; the attacker manipulated BOO price to borrow against massively inflated collateral value.,Lending and Borrowing,Flash-Loan Assisted,Multiple,Under 30 minutes,No,https://www.halborn.com/blog/post/explained-the-polter-finance-hack-november-2024
2/24/2024,Ethereum,BlueBerry,1400000,Oracle Manipulation,"The attacker manipulated on-chain token pricing through a thin-liquidity pool used as a price oracle, enabling over-borrowing and fund drainage.",Lending and Borrowing,Flash-Loan Assisted,Multiple,Under 20 minutes,No,https://lunaray.medium.com/blueberry-protocol-hack-analysis-a61013682fef
3/28/2024,Ethereum,PrismaLST,11600000,Logic Bug,A vulnerability in the MigrateTroveZap contract allowed attackers to manipulate the migration process and siphon protocol funds.,Lending and Borrowing,Multi-Transaction Sequence,Multiple,Under 30 minutes,Partial,https://www.certik.com/resources/blog/prisma-finance-incident-analysis
9/19/2024,Ethereum,Banana Gun,3000000,Access Control,A vulnerability in the Telegram message handling allowed attackers to trigger unauthorized ETH transfers from active users.,Infrastructure,Multi-Transaction Sequence,Multiple,Under 30 minutes,Yes,https://rekt.news/bananagun-rekt
6/9/2024,Ethereum,Loopring,5000000,Access Control,Attackers compromised guardian-based 2FA accounts and transferred assets from affected wallets.,Infrastructure,Multi-Transaction Sequence,Multiple,Under 1 day,No,https://www.halborn.com/blog/post/explained-the-loopring-hack-june-2024
7/31/2024,Other,Terra 2.0,5000000,Reentrancy,A previously patched IBC-Hooks reentrancy vulnerability was accidentally reintroduced in a later upgrade and exploited.,Infrastructure,Cross-Chain Interaction,Multiple,Under 1 hour,No,https://www.coindesk.com/tech/2024/07/31/terra-blockchain-restarts-after-4m-exploit
3/22/2024,Other,Super Sushi Samurai,4800000,Flash-Loan Exploit,A flawed token price calculation combined with unrestricted minting logic allowed attackers to inflate token supply and drain liquidity using flash loans.,Decentralized Exchange (DEX),Flash-Loan Assisted,Multiple,Under 30 minutes,No,https://blockapex.medium.com/super-sushi-samurai-hack-analysis-02603aa37603
5/20/2024,Ethereum,Gala,22000000,Access Control,The attacker gained control of a privileged admin wallet and minted 5 billion GALA tokens.,Infrastructure,Single Transaction,Single,Under 10 minutes,Partial,https://rekt.news/gala-games-rekt
6/13/2024,Ethereum,Holograph,6700000,Access Control,An infinite mint vulnerability allowed the attacker (a former developer) to arbitrarily mint 1B HLG tokens and dump them.,Infrastructure,Multi-Transaction Sequence,Multiple,Under 1 hour,No,https://www.halborn.com/blog/post/explained-the-holograph-hack-june-2024
9/26/2024,Ethereum,Onyx V2,4000000,Arithmetic Error,A decimal-precision rounding bug inherited from Compound V2 allowed attackers to drain low-liquidity markets.,Lending and Borrowing,Flash-Loan Assisted,Multiple,Under 30 minutes,No,https://www.halborn.com/blog/post/explained-the-onyx-protocol-hack-september-2024
8/6/2024,Ethereum,Ronin Bridge,12000000,Access Control,A faulty post-upgrade implementation allowed attackers to execute unauthorized withdrawals.,Cross-Chain Bridge,Cross-Chain Interaction,Multiple,Under 1 day,No,https://medium.com/@gr_gred/the-ronin-hack-explained-august-2024-5415495acc08
9/26/2024,Ethereum,uniBTC,1700000,Logic Bug,A flaw in the re-hypothecation and accounting logic of the uniBTC vault enabled asset over-minting and withdrawal.,Infrastructure,Multi-Transaction Sequence,Multiple,Under 30 minutes,Partial,https://blockapex.io/unibtc-hack-analysis/
12/29/2024,"Ethereum, BNB Chain, Base",Fegex,900000,Other,A flawed Wormhole bridge message verification allowed unauthorized withdrawals from the SmartBridge contract.,Cross-Chain Bridge,Cross-Chain Interaction,Multiple,Under 30 minutes,No,https://www.certik.com/resources/blog/feg-bridge-exploit-technical-analysis
8/1/2024,Ethereum,Convergence,210000,Logic Bug,The attacker exploited a contract breach to arbitrarily mint CVG tokens from the reward distributor and offload them.,Infrastructure,Multi-Transaction Sequence,Multiple,Under 20 minutes,No,https://www.coindesk.com/markets/2024/08/01/defi-protocol-convergence-hacked-cvg-token-plunges-99-on-curve
1/16/2024,Ethereum,Bungee,3300000,Access Control,A compromised API key allowed attackers to execute unauthorized token transfers from user routing contracts.,Cross-Chain Bridge,Multi-Transaction Sequence,Multiple,Under 30 minutes,No,https://rekt.news/socket-rekt
8/7/2024,Ethereum,Nexera,1800000,Access Control,"Malware on team systems led to private key compromise of staking contracts, enabling unauthorized token transfers.",Infrastructure,Single Transaction,Single,Under 10 minutes,Partial,https://www.halborn.com/blog/post/explained-the-nexera-hack-august-2024
1/4/2024,Arbitrum,Gamma,4500000,Logic Bug,"Vault deposit logic allowed extreme price swings (50–200% price-change threshold) on certain vaults. By manipulating the price via flash-loan/price-feed abuse, attacker minted inflated LP shares and withdrew disproportionate assets.",Yield Aggregation,"Flash-Loan Assisted, Multi-Transaction Sequence",Multiple,Under 30 minutes,No,https://rekt.news/gamma-strategies-rekt
3/5/2024,Arbitrum,WOOFi Swap,8500000,Oracle Manipulation,The attacker manipulated oracle pricing through thin-liquidity pools to extract excess assets.,Decentralized Exchange (DEX),Flash-Loan Assisted,Multiple,Under 15 minutes,No,https://rekt.news/woo-rekt
7/19/2024,Other,Rho Markets,7600000,Oracle Manipulation,A price oracle misconfiguration allowed the attacker to massively inflate collateral value and drain protocol liquidity.,Lending and Borrowing,Flash-Loan Assisted,Multiple,Under 30 minutes,No,https://www.dlnews.com/articles/defi/scroll-defi-protocol-rho-markets-paused-after-exploit/
12/10/2024,Base,Clober Liquidity Vault,500000,Reentrancy,A reentrancy vulnerability in the _burn() function of the Rebalancer contract enabled repeated withdrawals.,Decentralized Exchange (DEX),Multi-Transaction Sequence,Multiple,Under 20 minutes,No,https://www.certik.com/resources/blog/clober-dex-incident-analysis
9/3/2024,Ethereum,Penpie,27000000,Reentrancy,A reentrancy flaw in vault reward distribution logic allowed recursive withdrawals of deposited assets.,Yield Aggregation,Multi-Transaction Sequence,Multiple,Under 30 minutes,No,https://www.halborn.com/blog/post/explained-the-penpie-hack-september-2024
7/15/2024,Other,Minterest,1400000,Flash-Loan Exploit,A reentrancy vulnerability combined with a flash-loan allowed attackers to bypass collateral accounting.,Lending and Borrowing,Flash-Loan Assisted,Multiple,Under 10 minutes,No,https://www.halborn.com/blog/post/explained-the-minterest-hack-july-2024
12/17/2024,"Ethereum, Base, BNB Chain",GemPad,2000000,Reentrancy,A reentrancy vulnerability in the project’s locking smart contracts enabled repeated asset withdrawals.,Infrastructure,Multi-Transaction Sequence,Multiple,Under 30 minutes,No,https://www.halborn.com/blog/post/explained-the-gempad-hack-december-2024
1/12/2024,Ethereum,Wise Lending V1,464000,Oracle Manipulation,A reentrancy vulnerability in the project’s locking smart contracts enabled repeated asset withdrawals.,Lending and Borrowing,Flash-Loan Assisted,Multiple,Under 15 minutes,No,https://blog.solidityscan.com/wise-lending-hack-analysis-f652f389e397
4/23/2024,"Ethereum, Polygon, BNB Chain, Avalanche, Arbitrum, Optimism, Base",Magpie Protocol,129000,Logic Bug,A vulnerability in the MagpieRouterV2 contract allowed unauthorized token transfers from connected wallets.,Infrastructure,Multi-Transaction Sequence,Multiple,Under 30 minutes,No,https://medium.com/@Flytrade/magpie-protocol-smart-contract-vulnerability-post-mortem-f6400db0a25e
4/30/2024,"Ethereum, Optimism, Arbitrum",Pike,1600000,Logic Bug,A liquidation accounting bug allowed attackers to withdraw more collateral than permitted.,Lending and Borrowing,Multi-Transaction Sequence,Multiple,Under 20 minutes,No,https://rekt.news/pike-rekt
3/26/2024,Other,Munchables,62500000,Access Control,A malicious insider with privileged access directly transferred protocol treasury funds.,Infrastructure,Single Transaction,Single,Under 5 minutes,Yes,https://rekt.news/munchables-rekt
2/28/2024,"Ethereum, Arbitrum",Seneca,6500000,Oracle Manipulation,An attacker manipulated the valuation of collateral tokens via flash loans to borrow excess assets.,Lending and Borrowing,Flash-Loan Assisted,Multiple,Under 20 minutes,No,https://rekt.news/seneca-protocol-rekt
3/25/2024,Ethereum,Curio,16000000,Access Control,A compromised admin key was used to mint unbacked tokens and drain liquidity pools.,Infrastructure,Single Transaction,Single,Under 10 minutes,No,https://rekt.news/curio-rekt
